project,folder,status,direct_image_url_count,downloaded_local_image_count,video_source_count
House at California Layout,01_House_at_California_Layout,Verified flagship project,24,24,0
Project N170,02_Project_N170,Verified project; public media page is Volume Zero,0,26,0
House Neeranjanam,03_House_Neeranjanam,Verified flagship project,19,19,0
Abhyudaya,04_Abhyudaya,Verified flagship project,24,32,0
Mr Balas Residence,05_Mr_Balas_Residence,Verified Houzz project; limited public technical documentation,0,16,0
Dr Niyas Residence,06_Dr_Niyas_Residence,Verified Houzz project; limited public technical documentation,0,12,0
Mr Sachins Residence,07_Mr_Sachins_Residence,Verified via principal architect LinkedIn post; limited public technical documentation,0,0,0
Into the Woods,08_Into_the_Woods,Verified Houzz project; limited public technical documentation,0,8,0
Other Unverified,09_Other_Unverified,Keep separate until the studio confirms project names and ownership,0,0,0
